{
  "B": 100,
  "K": 2,
  "n_rows": 2914892,
  "n_features": 24,
  "subspace_affinity": {
    "mean": 0.9999673709813562,
    "std": 2.973613890789599e-05,
    "min": 0.9998581358318953,
    "max": 0.999997911515796,
    "p5": 0.999906030524404,
    "p25": 0.9999578169733836,
    "p50": 0.9999762790105352,
    "p75": 0.9999889165966203,
    "p95": 0.9999951133529472,
    "ci_lower": 0.9998988180929206,
    "ci_upper": 0.9999954972236296,
    "values": [
      0.9999870417551684,
      0.9999857790464011,
      0.9999955772949921,
      0.9999315616283464,
      0.9999825376587028,
      0.999906950079934,
      0.9999686608283456,
      0.9999560261236764,
      0.9999939565675249,
      0.999981792461675,
      0.9999926210083618,
      0.9999138421539073,
      0.9999948068458863,
      0.9999870218842667,
      0.9999786804945974,
      0.9999883655505415,
      0.9999909846032448,
      0.9999567101240341,
      0.9999890779274774,
      0.9998941762152092,
      0.9999039485893384,
      0.9999772530239439,
      0.9999658242512466,
      0.9999661530509364,
      0.9999908023520943,
      0.9999757699730624,
      0.9999682364950682,
      0.9999902652949495,
      0.9999784992096159,
      0.9999898576734711,
      0.9999132286959092,
      0.9999953578257974,
      0.9999129174148107,
      0.9999841734980035,
      0.9999925658907065,
      0.9999060954822019,
      0.9999766025470076,
      0.9999904947112965,
      0.9999581859231668,
      0.9999951004859551,
      0.9999617778154786,
      0.9999890645620634,
      0.9999887380097877,
      0.9999848122795014,
      0.9999648907751295,
      0.9999852141625639,
      0.9999968786830981,
      0.9999888672748058,
      0.9999714276065897,
      0.9999759554740628,
      0.9999954087237026,
      0.9999514144602432,
      0.9998707381381233,
      0.9999875353010862,
      0.9999613073059082,
      0.9999850229693579,
      0.9999257196467828,
      0.9999851004216549,
      0.9999739168733147,
      0.9999651979155946,
      0.9999747994139367,
      0.9999687706166425,
      0.9999697096889613,
      0.9999933895184518,
      0.9999816693378512,
      0.9999097544067823,
      0.9999047963262437,
      0.9999839451153798,
      0.9999545571535118,
      0.9999876478610465,
      0.9999946202857509,
      0.999938022214901,
      0.9999888638954204,
      0.9998581358318953,
      0.9999725423784034,
      0.9999603444625407,
      0.9999539114189719,
      0.9999722741176028,
      0.9999448271277425,
      0.999997911515796,
      0.9999109749605135,
      0.999966889660957,
      0.9999455068034846,
      0.9999618101866903,
      0.9999907312867601,
      0.9999445925492987,
      0.9999905925312149,
      0.9999901704852587,
      0.9999873845948956,
      0.9999566546420309,
      0.9999666292045122,
      0.9999474168484813,
      0.9999805287979067,
      0.9999893110857783,
      0.9999650051277847,
      0.999965243577974,
      0.999992814951117,
      0.9999887884584538,
      0.9999941161183662,
      0.9999749525365851
    ]
  },
  "procrustes_distance": {
    "mean": 0.007347931986343278,
    "std": 0.0033567603365688074,
    "min": 0.0020437642697295894,
    "max": 0.01684483184105761,
    "p5": 0.0031261775019706278,
    "p25": 0.00470814063953455,
    "p50": 0.006887690808501119,
    "p75": 0.009184933539239703,
    "p95": 0.013709378128315216,
    "ci_lower": 0.003000797049026798,
    "ci_upper": 0.014221666024818847,
    "values": [
      0.005090838669479126,
      0.00533311096535934,
      0.00297412585266917,
      0.011699631042443835,
      0.005909735330258125,
      0.013642154396691236,
      0.0079170259786944,
      0.009378147212163648,
      0.0034766213691962964,
      0.0060345160860947366,
      0.003841618699573397,
      0.013127187390454546,
      0.0032227833698015448,
      0.005094739366587521,
      0.006529889216871708,
      0.004823797638442565,
      0.004246277078471792,
      0.009304923729789985,
      0.004673783095363901,
      0.01454848362294911,
      0.013860446574253832,
      0.006744954440560122,
      0.008267564880234328,
      0.008227697697349547,
      0.004288982563829356,
      0.006961366926891474,
      0.007970445822173454,
      0.004412424869897991,
      0.006557592853480938,
      0.004503858921513825,
      0.013173840792708481,
      0.0030470248080965204,
      0.013197447599671086,
      0.0056261207993714086,
      0.0038559367130081112,
      0.013704653615624464,
      0.006840714007092851,
      0.004360120853582764,
      0.009144936809056274,
      0.0031303434332271597,
      0.008743327148036861,
      0.004676642776398914,
      0.004745955386572041,
      0.005511412052620616,
      0.00837971431516327,
      0.00543800279046801,
      0.0024985278828505964,
      0.004718639927246429,
      0.007559469354946163,
      0.006934667609909385,
      0.0030302757397378606,
      0.009857656502043018,
      0.016079189455416004,
      0.004992948634368271,
      0.008796980318025248,
      0.005473049746683166,
      0.012188769139658084,
      0.005458878406540031,
      0.00722266691079623,
      0.008342975151956181,
      0.007099415564172457,
      0.007903146812686102,
      0.007783413670991218,
      0.0036360697790096207,
      0.006054883836745266,
      0.013435002987624274,
      0.0137991438694395,
      0.005666568400500296,
      0.009533499121611649,
      0.0049703540386387,
      0.0032801601095680012,
      0.01113370450677694,
      0.0047193525057513995,
      0.01684483184105761,
      0.007410531792927669,
      0.008905763363315734,
      0.009601001307501442,
      0.007446641495899388,
      0.010504699089203533,
      0.0020437642697295894,
      0.013343833034437822,
      0.008137674753756001,
      0.010439794078268718,
      0.008739626626185186,
      0.0043055193348862835,
      0.01052700987922208,
      0.004337627453946045,
      0.00443385760994078,
      0.005023038724878795,
      0.009310884227788918,
      0.008169619669976664,
      0.010255195053757635,
      0.006240414026668006,
      0.004623627411457994,
      0.00836605731374273,
      0.008337505345405016,
      0.003790795883048089,
      0.0047353145651401005,
      0.003430422031157696,
      0.007077818905096439
    ]
  },
  "component_correlations": {
    "PC1": {
      "mean": 0.9999673505118369,
      "std": 3.4064485809366826e-05,
      "min": 0.9998188967736106,
      "max": 0.999998767917148,
      "p5": 0.9999027017050182,
      "p25": 0.9999602877206868,
      "p50": 0.9999780521543634,
      "p75": 0.9999909763658938,
      "p95": 0.9999969826831944,
      "ci_lower": 0.9998733031596709,
      "ci_upper": 0.999997362012547,