{
  "B": 100,
  "K": 2,
  "n_rows": 2914892,
  "n_features": 24,
  "subspace_affinity": {
    "mean": 0.9999673711181092,
    "std": 2.973547818490804e-05,
    "min": 0.9998581411414472,
    "max": 0.9999979115393314,
    "p5": 0.9999060362376073,
    "p25": 0.9999578236412325,
    "p50": 0.9999762799185984,
    "p75": 0.9999889160953308,
    "p95": 0.9999951128753685,
    "ci_lower": 0.9998988182519969,
    "ci_upper": 0.9999954972823172,
    "values": [
      0.9999870402219744,
      0.9999857790741575,
      0.9999955774090049,
      0.9999315631249739,
      0.9999825370178304,
      0.9999069506157096,
      0.9999686619524937,
      0.9999560351971926,
      0.9999939563857239,
      0.999981792029454,
      0.9999926206364331,
      0.9999138406701815,
      0.999994806828596,
      0.9999870215149214,
      0.9999786805055297,
      0.9999883655947538,
      0.9999909849698732,
      0.9999567175461386,
      0.9999890782203972,
      0.9998941764052865,
      0.9999039487141504,
      0.9999772522652398,
      0.9999658165305607,
      0.9999661555554449,
      0.999990802104195,
      0.9999757661538431,
      0.9999682366995076,
      0.9999902658284254,
      0.9999784998985363,
      0.999989857721615,
      0.9999132235692901,
      0.999995357353112,
      0.999912914866088,
      0.9999841735676619,
      0.9999925649963919,
      0.9999061008526438,
      0.9999766043748171,
      0.9999904953915338,
      0.9999581923395973,
      0.9999951000081189,
      0.9999617740930749,
      0.999989064513837,
      0.9999887379008667,
      0.9999848105205311,
      0.999964891443818,
      0.999985212827682,
      0.9999968792283344,
      0.9999888666224954,
      0.9999714282909711,
      0.9999759554623797,
      0.9999954087212413,
      0.9999514138381089,
      0.9998707433542149,
      0.9999875353083635,
      0.9999613089157352,
      0.9999850176876967,
      0.9999257079505282,
      0.9999850988422851,
      0.9999739148807181,
      0.9999651937328926,
      0.9999747990077515,
      0.9999687738789651,
      0.9999697096125559,
      0.9999933888832324,
      0.9999816690838816,
      0.9999097545815898,
      0.9999048085519151,
      0.9999839448559746,
      0.999954560067376,
      0.9999876489057331,
      0.9999946199155002,
      0.999938026481719,
      0.999988863821704,
      0.9998581411414472,
      0.9999725431151113,
      0.9999603428169888,
      0.9999539121238616,
      0.9999722708446434,
      0.9999448252457653,
      0.9999979115393314,
      0.9999109747196377,
      0.9999668900436305,
      0.9999455078136656,
      0.9999618162627697,
      0.999990731295628,
      0.999944589319641,
      0.9999905920676038,
      0.9999901710356591,
      0.9999873848134894,
      0.999956659017976,
      0.9999666294553571,
      0.9999474175842211,
      0.9999805273873796,
      0.9999893113876711,
      0.9999650054734974,
      0.9999652364971845,
      0.9999928149605815,
      0.9999887872850592,
      0.9999941155631056,
      0.9999749565049265
    ]
  },
  "procrustes_distance": {
    "mean": 0.007347939361910822,
    "std": 0.0033567034443620636,
    "min": 0.002043752754875132,
    "max": 0.016844516589947095,
    "p5": 0.0031263302699306183,
    "p25": 0.004708246898161957,
    "p50": 0.0068875580473624545,
    "p75": 0.009184207838556026,
    "p95": 0.013708961508473439,
    "ci_lower": 0.003000777308573672,
    "ci_upper": 0.014221654887770396,
    "values": [
      0.005091139831693059,
      0.005333105760775275,
      0.0029740875166527764,
      0.011699503111875873,
      0.005909843774706624,
      0.013642115118810104,
      0.007916883981637075,
      0.009377179603142915,
      0.003476673661400776,
      0.0060345877117875465,
      0.0038417155147292778,
      0.013127300426596076,
      0.003222788734571346,
      0.0050948118624468235,
      0.006529887542434067,
      0.004823788472901822,
      0.004246190735517865,
      0.009304126007844686,
      0.004673720421616423,
      0.014548470557520404,
      0.013860437568573029,
      0.006745066927223109,
      0.008268498711526857,
      0.008227393282137185,
      0.00428904036308777,
      0.00696191554921441,
      0.007970420171500086,
      0.004412303964329006,
      0.006557487793320074,
      0.004503848231650564,
      0.013174229972190579,
      0.0030471799349693976,
      0.013197640737868492,
      0.0056261084180115085,
      0.003856168639179672,
      0.013704261704521768,
      0.006840446800360276,
      0.004359964836011929,
      0.009144235115459805,
      0.0031304960770338407,
      0.00874375289685571,
      0.004676653088872697,
      0.004745978336753906,
      0.00551173119883957,
      0.0083796345136873,
      0.005438248261280897,
      0.002498309649819456,
      0.0047187781679250435,
      0.007559378818845939,
      0.006934669294364632,
      0.003030276552275714,
      0.009857719616706331,
      0.016078865010294287,
      0.004992947176891701,
      0.008796797311565447,
      0.005474014706594363,
      0.012189728765100187,
      0.005459167724469208,
      0.007222942793562453,
      0.008343476497455914,
      0.007099472779779141,
      0.007902734001223958,
      0.00778342348765726,
      0.003636244475379768,
      0.0060549257817704445,
      0.013434989975092564,
      0.013798257783555184,
      0.0056666141790384225,
      0.009533193457916395,
      0.004970143848009077,
      0.003280272984461467,
      0.011133321242044927,
      0.004719368125645962,
      0.016844516589947095,
      0.007410432375832454,
      0.008905948142209217,
      0.009600927885569625,
      0.007447081016379322,
      0.0105048782532844,
      0.002043752754875132,
      0.013343851087519986,
      0.008137627727161563,
      0.01043969731005072,
      0.008738931338804172,
      0.0043055172753636625,
      0.010527316689017062,
      0.004337734335275406,
      0.0044337334717365045,
      0.005022995205861,
      0.009310414213798933,
      0.008169588964253285,
      0.010255123306380261,
      0.006240640057923219,
      0.0046235621169971285,
      0.008366015988964226,
      0.008338354600806232,
      0.003790793386243655,
      0.004735562357889679,
      0.0034305838921872825,
      0.007077258196185522
    ]
  },
  "component_correlations": {
    "PC1": {
      "mean": 0.9999673503208374,
      "std": 3.4064139442725586e-05,
      "min": 0.9998189134813943,
      "max": 0.9999987679101849,
      "p5": 0.9999027039168917,
      "p25": 0.9999602872199569,
      "p50": 0.9999780526979807,
      "p75": 0.9999909763660996,
      "p95": 0.9999969825265475,
      "ci_lower": 0.999873302084096,
      "ci_upper": 0.9999973619866287,