{
  "eigenvalue_gap": {
    "eigenvalues": [
      488505.33302680904,
      27728.42377242635,
      11763.334812142724,
      6883.770438093814,
      2347.76579823712,
      1408.8389848440875,
      772.4145003856007,
      696.3100629366492,
      553.0815752835626,
      477.0901148978919,
      364.4077515634842,
      243.1471940338558,
      215.72118148639905,
      190.4351830734676,
      187.3535789865446,
      158.31682720837512,
      151.67882843365632,
      129.71629827293606,
      111.75768999690003,
      107.91876055712518,
      94.50145984968965,
      86.14688439166606,
      81.17014231744449,
      36.397912871846934
    ],
    "absolute_gaps": [
      460776.9092543827,
      15965.088960283627,
      4879.56437404891,
      4536.004639856694,
      938.9268133930327,
      636.4244844584867,
      76.10443744895156,
      143.22848765308652,
      75.99146038567073,
      112.68236333440768,
      121.26055752962841,
      27.426012547456764,
      25.285998412931434,
      3.081604086923022,
      29.036751778169474,
      6.637998774718795,
      21.962530160720263,
      17.95860827603603,
      3.8389294397748444,
      13.41730070743553,
      8.35457545802359,
      4.976742074221576,
      44.77222944559755
    ],
    "relative_gaps": [
      0.9432382373379236,
      0.5757661918078301,
      0.41481131430620943,
      0.6589418808557421,
      0.39992354181922657,
      0.4517368494944922,
      0.0985279761202814,
      0.20569642071382438,
      0.137396477810186,
      0.2361867492444782,
      0.3327606424653768,
      0.11279592452807811,
      0.11721611312668286,
      0.01618190524034719,
      0.15498370479623902,
      0.04192857380840461,
      0.14479628032152544,
      0.1384452726075279,
      0.034350472346747055,
      0.12432778729267635,
      0.0884068401833374,
      0.05777042442527418,
      0.5515849568243942
    ],
    "davis_kahan_sensitivity": [
      2.170247640269505e-06,
      6.263666945343689e-05,
      0.00020493632696359557,
      0.00022045832828592368,
      0.001065045737043407
    ]
  },
  "hill_estimator": {
    "hill_alpha_median": 3.986042355251162,
    "hill_alpha_q25": 3.7585268193948567,
    "hill_alpha_q75": 4.478426815621917,
    "loglog_alpha": 5.11875380987915
  },
  "broken_stick": {
    "n_significant": 1,
    "observed_proportions": [
      0.8991529529139496,
      0.05103750651020681,
      0.021651835747457698,
      0.012670409303912602,
      0.004321345965980338,
      0.002593137981839254
    ],
    "broken_stick_proportions": [
      0.15733159073972944,
      0.11566492407306278,
      0.09483159073972945,
      0.08094270185084056,
      0.0705260351841739,
      0.06219270185084056
    ]
  },
  "per_component_tails": {
    "PC1": {
      "mean": 0.1933368346576536,
      "std": 0.06547927176768059,
      "excess_kurtosis": -0.690203974519668,
      "min": 0.06374841937841738,
      "max": 0.252890476722025
    },
    "PC2": {
      "mean": 0.02793069907671043,
      "std": 0.20220421043032932,
      "excess_kurtosis": -0.9271733488620626,
      "min": -0.3501934189059863,
      "max": 0.3747087062544573
    },
    "PC3": {
      "mean": -0.04752356485075374,
      "std": 0.19851493004442483,
      "excess_kurtosis": -0.9560416989965486,
      "min": -0.3706311114127181,
      "max": 0.28013407239933025
    },
    "PC4": {
      "mean": -0.013050259633893987,
      "std": 0.2037065472442029,
      "excess_kurtosis": -1.2029326036470007,
      "min": -0.36574907404984197,
      "max": 0.26314056485134596
    },
    "PC5": {
      "mean": 0.013561938236267673,
      "std": 0.20367312168752755,
      "excess_kurtosis": -1.0394423023486177,
      "min": -0.3637912858384894,
      "max": 0.3609627525110686
    },
    "PC6": {
      "mean": 0.013154016268304439,
      "std": 0.203699873644241,
      "excess_kurtosis": -0.7949009046342361,
      "min": -0.30082977671584826,
      "max": 0.4675247773292415
    }
  }
}